truncate i2b2demodata.qt_xml_result;
truncate i2b2demodata.qt_query_result_instance;
truncate i2b2demodata.qt_query_master;
truncate i2b2demodata.qt_query_instance;

truncate i2b2pm.pm_approvals;
truncate i2b2pm.pm_approvals_params;
truncate i2b2pm.pm_cell_data;
truncate i2b2pm.pm_cell_params;
truncate i2b2pm.pm_global_params;
truncate i2b2pm.pm_hive_data;
truncate i2b2pm.pm_hive_params;
truncate i2b2pm.pm_project_data;
truncate i2b2pm.pm_project_params;
truncate i2b2pm.pm_project_request;
truncate i2b2pm.pm_project_user_params;
truncate i2b2pm.pm_project_user_roles;
truncate i2b2pm.pm_role_requirement;
truncate i2b2pm.pm_user_data;
truncate i2b2pm.pm_user_login;
truncate i2b2pm.pm_user_params;
truncate i2b2pm.pm_user_session;

INSERT INTO i2b2pm.PM_USER_DATA (USER_ID, FULL_NAME, PASSWORD, STATUS_CD)
VALUES('i2b2', 'i2b2 Admin', '9117d59a69dc49807671a51f10ab7f', 'A');
INSERT INTO i2b2pm.PM_USER_DATA (USER_ID, FULL_NAME, PASSWORD, STATUS_CD)
VALUES('AGG_SERVICE_ACCOUNT', 'AGG_SERVICE_ACCOUNT', '9117d59a69dc49807671a51f10ab7f', 'A');
INSERT INTO i2b2pm.PM_HIVE_DATA (DOMAIN_ID, HELPURL, DOMAIN_NAME, ENVIRONMENT_CD, ACTIVE, STATUS_CD)
VALUES('i2b2', 'http://www.i2b2.org', 'i2b2demo', 'DEVELOPMENT', 1, 'A');
INSERT INTO i2b2pm.PM_PROJECT_USER_ROLES (PROJECT_ID, USER_ID, USER_ROLE_CD, STATUS_CD)
VALUES('@', 'i2b2', 'ADMIN', 'A');
INSERT INTO i2b2pm.PM_ROLE_REQUIREMENT(TABLE_CD, COLUMN_CD, READ_HIVEMGMT_CD, WRITE_HIVEMGMT_CD, NAME_CHAR, CHANGE_DATE, ENTRY_DATE, CHANGEBY_CHAR, STATUS_CD)
  VALUES('PM_HIVE_DATA', '@', '@', 'ADMIN', NULL, NULL, NULL, NULL, 'A');
INSERT INTO i2b2pm.PM_ROLE_REQUIREMENT(TABLE_CD, COLUMN_CD, READ_HIVEMGMT_CD, WRITE_HIVEMGMT_CD, NAME_CHAR, CHANGE_DATE, ENTRY_DATE, CHANGEBY_CHAR, STATUS_CD)
  VALUES('PM_HIVE_PARAMS', '@', '@', 'ADMIN', NULL, NULL, NULL, NULL, 'A');
INSERT INTO i2b2pm.PM_ROLE_REQUIREMENT(TABLE_CD, COLUMN_CD, READ_HIVEMGMT_CD, WRITE_HIVEMGMT_CD, NAME_CHAR, CHANGE_DATE, ENTRY_DATE, CHANGEBY_CHAR, STATUS_CD)
  VALUES('PM_PROJECT_DATA', '@', '@', 'MANAGER', NULL, NULL, NULL, NULL, 'A');
INSERT INTO i2b2pm.PM_ROLE_REQUIREMENT(TABLE_CD, COLUMN_CD, READ_HIVEMGMT_CD, WRITE_HIVEMGMT_CD, NAME_CHAR, CHANGE_DATE, ENTRY_DATE, CHANGEBY_CHAR, STATUS_CD)
  VALUES('PM_PROJECT_USER_ROLES', '@', '@', 'MANAGER', NULL, NULL, NULL, NULL, 'A');
INSERT INTO i2b2pm.PM_ROLE_REQUIREMENT(TABLE_CD, COLUMN_CD, READ_HIVEMGMT_CD, WRITE_HIVEMGMT_CD, NAME_CHAR, CHANGE_DATE, ENTRY_DATE, CHANGEBY_CHAR, STATUS_CD)
  VALUES('PM_USER_DATA', '@', '@', 'ADMIN', NULL, NULL, NULL, NULL, 'A');
INSERT INTO i2b2pm.PM_ROLE_REQUIREMENT(TABLE_CD, COLUMN_CD, READ_HIVEMGMT_CD, WRITE_HIVEMGMT_CD, NAME_CHAR, CHANGE_DATE, ENTRY_DATE, CHANGEBY_CHAR, STATUS_CD)
  VALUES('PM_PROJECT_PARAMS', '@', '@', 'MANAGER', NULL, NULL, NULL, NULL, 'A');
INSERT INTO i2b2pm.PM_ROLE_REQUIREMENT(TABLE_CD, COLUMN_CD, READ_HIVEMGMT_CD, WRITE_HIVEMGMT_CD, NAME_CHAR, CHANGE_DATE, ENTRY_DATE, CHANGEBY_CHAR, STATUS_CD)
  VALUES('PM_PROJECT_USER_PARAMS', '@', '@', 'MANAGER', NULL, NULL, NULL, NULL, 'A');
INSERT INTO i2b2pm.PM_ROLE_REQUIREMENT(TABLE_CD, COLUMN_CD, READ_HIVEMGMT_CD, WRITE_HIVEMGMT_CD, NAME_CHAR, CHANGE_DATE, ENTRY_DATE, CHANGEBY_CHAR, STATUS_CD)
  VALUES('PM_USER_PARAMS', '@', '@', 'ADMIN', NULL, NULL, NULL, NULL, 'A');
INSERT INTO i2b2pm.PM_ROLE_REQUIREMENT(TABLE_CD, COLUMN_CD, READ_HIVEMGMT_CD, WRITE_HIVEMGMT_CD, NAME_CHAR, CHANGE_DATE, ENTRY_DATE, CHANGEBY_CHAR, STATUS_CD)
  VALUES('PM_CELL_DATA', '@', '@', 'MANAGER', NULL, NULL, NULL, NULL, 'A');
INSERT INTO i2b2pm.PM_ROLE_REQUIREMENT(TABLE_CD, COLUMN_CD, READ_HIVEMGMT_CD, WRITE_HIVEMGMT_CD, NAME_CHAR, CHANGE_DATE, ENTRY_DATE, CHANGEBY_CHAR, STATUS_CD)
  VALUES('PM_CELL_PARAMS', '@', '@', 'MANAGER', NULL, NULL, NULL, NULL, 'A');
INSERT INTO i2b2pm.PM_ROLE_REQUIREMENT(TABLE_CD, COLUMN_CD, READ_HIVEMGMT_CD, WRITE_HIVEMGMT_CD, NAME_CHAR, CHANGE_DATE, ENTRY_DATE, CHANGEBY_CHAR, STATUS_CD)
  VALUES('PM_GLOBAL_PARAMS', '@', '@', 'ADMIN', NULL, NULL, NULL, NULL, 'A');	



INSERT INTO i2b2pm.PM_USER_DATA (USER_ID, FULL_NAME, PASSWORD, STATUS_CD)
VALUES('act', 'i2b2 User', '9117d59a69dc49807671a51f10ab7f', 'A');

INSERT INTO i2b2pm.PM_PROJECT_DATA (PROJECT_ID, PROJECT_NAME, PROJECT_WIKI, PROJECT_PATH, STATUS_CD)
VALUES('ACT', 'i2b2 ACT', 'http://www.i2b2.org', '/ACT', 'A');

INSERT INTO i2b2pm.PM_CELL_DATA (CELL_ID, PROJECT_PATH, NAME, METHOD_CD, URL, CAN_OVERRIDE, STATUS_CD)
  VALUES('CRC', '/', 'Data Repository', 'REST', 'http://localhost:9090/i2b2/services/QueryToolService/', 1, 'A');
INSERT INTO i2b2pm.PM_CELL_DATA(CELL_ID, PROJECT_PATH, NAME, METHOD_CD, URL, CAN_OVERRIDE, STATUS_CD)
  VALUES('FRC', '/', 'File Repository ', 'SOAP', 'http://localhost:9090/i2b2/services/FRService/', 1, 'A');
INSERT INTO i2b2pm.PM_CELL_DATA(CELL_ID, PROJECT_PATH, NAME, METHOD_CD, URL, CAN_OVERRIDE, STATUS_CD)
  VALUES('ONT', '/', 'Ontology Cell', 'REST', 'http://localhost:9090/i2b2/services/OntologyService/', 1, 'A');
INSERT INTO i2b2pm.PM_CELL_DATA(CELL_ID, PROJECT_PATH, NAME, METHOD_CD, URL, CAN_OVERRIDE, STATUS_CD)
  VALUES('WORK', '/', 'Workplace Cell', 'REST', 'http://localhost:9090/i2b2/services/WorkplaceService/', 1, 'A');
INSERT INTO i2b2pm.PM_CELL_DATA(CELL_ID, PROJECT_PATH, NAME, METHOD_CD, URL, CAN_OVERRIDE, STATUS_CD)
  VALUES('IM', '/', 'IM Cell', 'REST', 'http://localhost:9090/i2b2/services/IMService/', 1, 'A');


INSERT INTO i2b2pm.PM_PROJECT_USER_ROLES (PROJECT_ID, USER_ID, USER_ROLE_CD, STATUS_CD)
VALUES('ACT', 'AGG_SERVICE_ACCOUNT', 'USER', 'A');
INSERT INTO i2b2pm.PM_PROJECT_USER_ROLES (PROJECT_ID, USER_ID, USER_ROLE_CD, STATUS_CD)
VALUES('ACT', 'AGG_SERVICE_ACCOUNT', 'MANAGER', 'A');
INSERT INTO i2b2pm.PM_PROJECT_USER_ROLES (PROJECT_ID, USER_ID, USER_ROLE_CD, STATUS_CD)
VALUES('ACT', 'AGG_SERVICE_ACCOUNT', 'DATA_OBFSC', 'A');
INSERT INTO i2b2pm.PM_PROJECT_USER_ROLES (PROJECT_ID, USER_ID, USER_ROLE_CD, STATUS_CD)
VALUES('ACT', 'AGG_SERVICE_ACCOUNT', 'DATA_AGG', 'A');
INSERT INTO i2b2pm.PM_PROJECT_USER_ROLES (PROJECT_ID, USER_ID, USER_ROLE_CD, STATUS_CD)
VALUES('ACT', 'act', 'USER', 'A');
INSERT INTO i2b2pm.PM_PROJECT_USER_ROLES (PROJECT_ID, USER_ID, USER_ROLE_CD, STATUS_CD)
VALUES('ACT', 'act', 'DATA_DEID', 'A');
INSERT INTO i2b2pm.PM_PROJECT_USER_ROLES (PROJECT_ID, USER_ID, USER_ROLE_CD, STATUS_CD)
VALUES('ACT', 'act', 'DATA_OBFSC', 'A');
INSERT INTO i2b2pm.PM_PROJECT_USER_ROLES (PROJECT_ID, USER_ID, USER_ROLE_CD, STATUS_CD)
VALUES('ACT', 'act', 'DATA_AGG', 'A');
INSERT INTO i2b2pm.PM_PROJECT_USER_ROLES (PROJECT_ID, USER_ID, USER_ROLE_CD, STATUS_CD)
VALUES('ACT', 'act', 'DATA_LDS', 'A');
INSERT INTO i2b2pm.PM_PROJECT_USER_ROLES (PROJECT_ID, USER_ID, USER_ROLE_CD, STATUS_CD)
VALUES('ACT', 'act', 'EDITOR', 'A');
INSERT INTO i2b2pm.PM_PROJECT_USER_ROLES (PROJECT_ID, USER_ID, USER_ROLE_CD, STATUS_CD)
VALUES('ACT', 'act', 'DATA_PROT', 'A');


-- placeholders value will be replaced in runtime using load_demo_data.sh script
UPDATE i2b2pm.pm_cell_data SET url='http://localhost:8080/i2b2/services/QueryToolService/' WHERE cell_id='CRC';
UPDATE i2b2pm.pm_cell_data SET url='http://localhost:8080/i2b2/services/IMService/' WHERE cell_id='IM';
UPDATE i2b2pm.pm_cell_data SET url='http://localhost:8080/i2b2/services/WorkplaceService/' WHERE cell_id='WORK';
UPDATE i2b2pm.pm_cell_data SET url='http://localhost:8080/i2b2/services/OntologyService/' WHERE cell_id='ONT';
UPDATE i2b2pm.pm_cell_data SET url='http://localhost:8080/i2b2/services/FRService/' WHERE cell_id='FRC';